StateFIPS,State,CountyFIPS,County,Year,Value,Data Comment,FIPS
04,Arizona,04001,Apache,2022,1.6,Unstable,044001
04,Arizona,04003,Cochise,2022,5.1,,044003
04,Arizona,04005,Coconino,2022,2.9,,044005
04,Arizona,04007,Gila,2022,1.8,Unstable,044007
04,Arizona,04009,Graham,2022,Suppressed,Unstable,044009
04,Arizona,04011,Greenlee,2022,0,,044011
04,Arizona,04012,La Paz,2022,Suppressed,Unstable,044012
04,Arizona,04013,Maricopa,2022,3.4,,044013
04,Arizona,04015,Mohave,2022,1.6,,044015
04,Arizona,04017,Navajo,2022,5,,044017
04,Arizona,04019,Pima,2022,5.6,,044019
04,Arizona,04021,Pinal,2022,4.1,,044021
04,Arizona,04023,Santa Cruz,2022,2.4,,044023
04,Arizona,04025,Yavapai,2022,3.8,,044025
04,Arizona,04027,Yuma,2022,1.4,,044027
12,Florida,12001,Alachua,2022,9.4,,1212001
12,Florida,12003,Baker,2022,3.2,Unstable,1212003
12,Florida,12005,Bay,2022,3.2,,1212005
12,Florida,12007,Bradford,2022,6.2,,1212007
12,Florida,12009,Brevard,2022,3.6,,1212009
12,Florida,12011,Broward,2022,5.5,,1212011
12,Florida,12013,Calhoun,2022,Suppressed,Unstable,1212013
12,Florida,12015,Charlotte,2022,3.7,,1212015
12,Florida,12017,Citrus,2022,2.3,,1212017
12,Florida,12019,Clay,2022,3.3,,1212019
12,Florida,12021,Collier,2022,3.8,,1212021
12,Florida,12023,Columbia,2022,5.3,,1212023
12,Florida,12027,DeSoto,2022,4.2,,1212027
12,Florida,12029,Dixie,2022,3.2,Unstable,1212029
12,Florida,12031,Duval,2022,4.7,,1212031
12,Florida,12033,Escambia,2022,4.4,,1212033
12,Florida,12035,Flagler,2022,3.2,,1212035
12,Florida,12037,Franklin,2022,0,,1212037
12,Florida,12039,Gadsden,2022,2.1,Unstable,1212039
12,Florida,12041,Gilchrist,2022,4.5,Unstable,1212041
12,Florida,12043,Glades,2022,Suppressed,Unstable,1212043
12,Florida,12045,Gulf,2022,Suppressed,Unstable,1212045
12,Florida,12047,Hamilton,2022,8.4,Unstable,1212047
12,Florida,12049,Hardee,2022,Suppressed,Unstable,1212049
12,Florida,12051,Hendry,2022,4.6,,1212051
12,Florida,12053,Hernando,2022,3.2,,1212053
12,Florida,12055,Highlands,2022,3.8,,1212055
12,Florida,12057,Hillsborough,2022,4.8,,1212057
12,Florida,12059,Holmes,2022,Suppressed,Unstable,1212059
12,Florida,12061,Indian River,2022,3.5,,1212061
12,Florida,12063,Jackson,2022,1.7,Unstable,1212063
12,Florida,12065,Jefferson,2022,Suppressed,Unstable,1212065
12,Florida,12067,Lafayette,2022,Suppressed,Unstable,1212067
12,Florida,12069,Lake,2022,3.7,,1212069
12,Florida,12071,Lee,2022,4.2,,1212071
12,Florida,12073,Leon,2022,2.4,,1212073
12,Florida,12075,Levy,2022,5,,1212075
12,Florida,12077,Liberty,2022,Suppressed,Unstable,1212077
12,Florida,12079,Madison,2022,0,,1212079
12,Florida,12081,Manatee,2022,2.6,,1212081
12,Florida,12083,Marion,2022,5.1,,1212083
12,Florida,12085,Martin,2022,4.3,,1212085
12,Florida,12086,Miami-Dade,2022,4.8,,1212086
12,Florida,12087,Monroe,2022,2.4,,1212087
12,Florida,12089,Nassau,2022,2.8,,1212089
12,Florida,12091,Okaloosa,2022,2,,1212091
12,Florida,12093,Okeechobee,2022,6.4,,1212093
12,Florida,12095,Orange,2022,6.4,,1212095
12,Florida,12097,Osceola,2022,7.8,,1212097
12,Florida,12099,Palm Beach,2022,5.3,,1212099
12,Florida,12101,Pasco,2022,4.2,,1212101
12,Florida,12103,Pinellas,2022,4,,1212103
12,Florida,12105,Polk,2022,4.9,,1212105
12,Florida,12107,Putnam,2022,4.7,,1212107
12,Florida,12113,Santa Rosa,2022,2.7,,1212113
12,Florida,12115,Sarasota,2022,2.7,,1212115
12,Florida,12117,Seminole,2022,4.8,,1212117
12,Florida,12109,St. Johns,2022,3,,1212109
12,Florida,12111,St. Lucie,2022,4.8,,1212111
12,Florida,12119,Sumter,2022,2.2,Unstable,1212119
12,Florida,12121,Suwannee,2022,5.3,,1212121
12,Florida,12123,Taylor,2022,Suppressed,Unstable,1212123
12,Florida,12125,Union,2022,11.8,,1212125
12,Florida,12127,Volusia,2022,5,,1212127
12,Florida,12129,Wakulla,2022,Suppressed,Unstable,1212129
12,Florida,12131,Walton,2022,2.8,,1212131
12,Florida,12133,Washington,2022,3.3,Unstable,1212133
19,Iowa,19001,Adair,2022,0,,1919001
19,Iowa,19003,Adams,2022,0,,1919003
19,Iowa,19005,Allamakee,2022,Suppressed,Unstable,1919005
19,Iowa,19007,Appanoose,2022,Suppressed,Unstable,1919007
19,Iowa,19009,Audubon,2022,Suppressed,Unstable,1919009
19,Iowa,19011,Benton,2022,Suppressed,Unstable,1919011
19,Iowa,19013,Black Hawk,2022,2.1,,1919013
19,Iowa,19015,Boone,2022,Suppressed,Unstable,1919015
19,Iowa,19017,Bremer,2022,Suppressed,Unstable,1919017
19,Iowa,19019,Buchanan,2022,Suppressed,Unstable,1919019
19,Iowa,19021,Buena Vista,2022,Suppressed,Unstable,1919021
19,Iowa,19023,Butler,2022,Suppressed,Unstable,1919023
19,Iowa,19025,Calhoun,2022,Suppressed,Unstable,1919025
19,Iowa,19027,Carroll,2022,Suppressed,Unstable,1919027
19,Iowa,19029,Cass,2022,Suppressed,Unstable,1919029
19,Iowa,19031,Cedar,2022,Suppressed,Unstable,1919031
19,Iowa,19033,Cerro Gordo,2022,4,,1919033
19,Iowa,19035,Cherokee,2022,Suppressed,Unstable,1919035
19,Iowa,19037,Chickasaw,2022,Suppressed,Unstable,1919037
19,Iowa,19039,Clarke,2022,Suppressed,Unstable,1919039
19,Iowa,19041,Clay,2022,0,,1919041
19,Iowa,19043,Clayton,2022,Suppressed,Unstable,1919043
19,Iowa,19045,Clinton,2022,1.6,Unstable,1919045
19,Iowa,19047,Crawford,2022,0,,1919047
19,Iowa,19049,Dallas,2022,0.6,Unstable,1919049
19,Iowa,19051,Davis,2022,0,,1919051
19,Iowa,19053,Decatur,2022,Suppressed,Unstable,1919053
19,Iowa,19055,Delaware,2022,Suppressed,Unstable,1919055
19,Iowa,19057,Des Moines,2022,3.1,Unstable,1919057
19,Iowa,19059,Dickinson,2022,Suppressed,Unstable,1919059
19,Iowa,19061,Dubuque,2022,2.3,,1919061
19,Iowa,19063,Emmet,2022,Suppressed,Unstable,1919063
19,Iowa,19065,Fayette,2022,Suppressed,Unstable,1919065
19,Iowa,19067,Floyd,2022,Suppressed,Unstable,1919067
19,Iowa,19069,Franklin,2022,Suppressed,Unstable,1919069
19,Iowa,19071,Fremont,2022,Suppressed,Unstable,1919071
19,Iowa,19073,Greene,2022,0,,1919073
19,Iowa,19075,Grundy,2022,Suppressed,Unstable,1919075
19,Iowa,19077,Guthrie,2022,Suppressed,Unstable,1919077
19,Iowa,19079,Hamilton,2022,0,,1919079
19,Iowa,19081,Hancock,2022,Suppressed,Unstable,1919081
19,Iowa,19083,Hardin,2022,Suppressed,Unstable,1919083
19,Iowa,19085,Harrison,2022,0,,1919085
19,Iowa,19087,Henry,2022,Suppressed,Unstable,1919087
19,Iowa,19089,Howard,2022,Suppressed,Unstable,1919089
19,Iowa,19091,Humboldt,2022,0,,1919091
19,Iowa,19093,Ida,2022,0,,1919093
19,Iowa,19095,Iowa,2022,Suppressed,Unstable,1919095
19,Iowa,19097,Jackson,2022,Suppressed,Unstable,1919097
19,Iowa,19099,Jasper,2022,Suppressed,Unstable,1919099
19,Iowa,19101,Jefferson,2022,Suppressed,Unstable,1919101
19,Iowa,19103,Johnson,2022,1.3,,1919103
19,Iowa,19105,Jones,2022,Suppressed,Unstable,1919105
19,Iowa,19107,Keokuk,2022,Suppressed,Unstable,1919107
19,Iowa,19109,Kossuth,2022,Suppressed,Unstable,1919109
19,Iowa,19111,Lee,2022,2.4,Unstable,1919111
19,Iowa,19113,Linn,2022,2.8,,1919113
19,Iowa,19115,Louisa,2022,Suppressed,Unstable,1919115
19,Iowa,19117,Lucas,2022,Suppressed,Unstable,1919117
19,Iowa,19119,Lyon,2022,0,,1919119
19,Iowa,19121,Madison,2022,Suppressed,Unstable,1919121
19,Iowa,19123,Mahaska,2022,Suppressed,Unstable,1919123
19,Iowa,19125,Marion,2022,Suppressed,Unstable,1919125
19,Iowa,19127,Marshall,2022,Suppressed,Unstable,1919127
19,Iowa,19129,Mills,2022,0,,1919129
19,Iowa,19131,Mitchell,2022,Suppressed,Unstable,1919131
19,Iowa,19133,Monona,2022,Suppressed,Unstable,1919133
19,Iowa,19135,Monroe,2022,Suppressed,Unstable,1919135
19,Iowa,19137,Montgomery,2022,0,,1919137
19,Iowa,19139,Muscatine,2022,Suppressed,Unstable,1919139
19,Iowa,19141,O'Brien,2022,0,,1919141
19,Iowa,19143,Osceola,2022,0,,1919143
19,Iowa,19145,Page,2022,Suppressed,Unstable,1919145
19,Iowa,19147,Palo Alto,2022,0,,1919147
19,Iowa,19149,Plymouth,2022,Suppressed,Unstable,1919149
19,Iowa,19151,Pocahontas,2022,0,,1919151
19,Iowa,19153,Polk,2022,2.4,,1919153
19,Iowa,19155,Pottawattamie,2022,0.6,Unstable,1919155
19,Iowa,19157,Poweshiek,2022,Suppressed,Unstable,1919157
19,Iowa,19159,Ringgold,2022,0,,1919159
19,Iowa,19161,Sac,2022,0,,1919161
19,Iowa,19163,Scott,2022,3.2,,1919163
19,Iowa,19165,Shelby,2022,Suppressed,Unstable,1919165
19,Iowa,19167,Sioux,2022,Suppressed,Unstable,1919167
19,Iowa,19169,Story,2022,2.7,,1919169
19,Iowa,19171,Tama,2022,Suppressed,Unstable,1919171
19,Iowa,19173,Taylor,2022,0,,1919173
19,Iowa,19175,Union,2022,0,,1919175
19,Iowa,19177,Van Buren,2022,Suppressed,Unstable,1919177
19,Iowa,19179,Wapello,2022,Suppressed,Unstable,1919179
19,Iowa,19181,Warren,2022,Suppressed,Unstable,1919181
19,Iowa,19183,Washington,2022,Suppressed,Unstable,1919183
19,Iowa,19185,Wayne,2022,0,,1919185
19,Iowa,19187,Webster,2022,Suppressed,Unstable,1919187
19,Iowa,19189,Winnebago,2022,Suppressed,Unstable,1919189
19,Iowa,19191,Winneshiek,2022,Suppressed,Unstable,1919191
19,Iowa,19193,Woodbury,2022,1.2,,1919193
19,Iowa,19195,Worth,2022,Suppressed,Unstable,1919195
19,Iowa,19197,Wright,2022,Suppressed,Unstable,1919197
34,New Jersey,34001,Atlantic,2022,6.8,,3434001
34,New Jersey,34003,Bergen,2022,4.2,,3434003
34,New Jersey,34005,Burlington,2022,7.4,,3434005
34,New Jersey,34007,Camden,2022,10.6,,3434007
34,New Jersey,34009,Cape May,2022,5.7,,3434009
34,New Jersey,34011,Cumberland,2022,11.3,,3434011
34,New Jersey,34013,Essex,2022,10,,3434013
34,New Jersey,34015,Gloucester,2022,3.8,,3434015
34,New Jersey,34017,Hudson,2022,6.2,,3434017
34,New Jersey,34019,Hunterdon,2022,2.4,,3434019
34,New Jersey,34021,Mercer,2022,5.1,,3434021
34,New Jersey,34023,Middlesex,2022,5.8,,3434023
34,New Jersey,34025,Monmouth,2022,4.8,,3434025
34,New Jersey,34027,Morris,2022,3,,3434027
34,New Jersey,34029,Ocean,2022,4.1,,3434029
34,New Jersey,34031,Passaic,2022,5.7,,3434031
34,New Jersey,34033,Salem,2022,2.3,,3434033
34,New Jersey,34035,Somerset,2022,3.9,,3434035
34,New Jersey,34037,Sussex,2022,3,,3434037
34,New Jersey,34039,Union,2022,4.6,,3434039
34,New Jersey,34041,Warren,2022,3.6,,3434041
35,New Mexico,35001,Bernalillo,2022,6.2,,3535001
35,New Mexico,35003,Catron,2022,0,,3535003
35,New Mexico,35005,Chaves,2022,3.3,,3535005
35,New Mexico,35006,Cibola,2022,4.3,Unstable,3535006
35,New Mexico,35007,Colfax,2022,6.6,Unstable,3535007
35,New Mexico,35009,Curry,2022,7.4,,3535009
35,New Mexico,35011,De Baca,2022,Suppressed,Unstable,3535011
35,New Mexico,35013,Dona Ana,2022,3.7,,3535013
35,New Mexico,35015,Eddy,2022,3.1,,3535015
35,New Mexico,35017,Grant,2022,7.6,,3535017
35,New Mexico,35019,Guadalupe,2022,0,,3535019
35,New Mexico,35021,Harding,2022,0,,3535021
35,New Mexico,35023,Hidalgo,2022,0,,3535023
35,New Mexico,35025,Lea,2022,1.7,,3535025
35,New Mexico,35027,Lincoln,2022,3.3,Unstable,3535027
35,New Mexico,35028,Los Alamos,2022,Suppressed,Unstable,3535028
35,New Mexico,35029,Luna,2022,3.1,Unstable,3535029
35,New Mexico,35031,McKinley,2022,2.7,,3535031
35,New Mexico,35033,Mora,2022,Suppressed,Unstable,3535033
35,New Mexico,35035,Otero,2022,3.4,,3535035
35,New Mexico,35037,Quay,2022,Suppressed,Unstable,3535037
35,New Mexico,35039,Rio Arriba,2022,4.8,,3535039
35,New Mexico,35041,Roosevelt,2022,Suppressed,Unstable,3535041
35,New Mexico,35045,San Juan,2022,4.7,,3535045
35,New Mexico,35047,San Miguel,2022,7.5,,3535047
35,New Mexico,35043,Sandoval,2022,6.4,,3535043
35,New Mexico,35049,Santa Fe,2022,4.5,,3535049
35,New Mexico,35051,Sierra,2022,Suppressed,Unstable,3535051
35,New Mexico,35053,Socorro,2022,8.2,Unstable,3535053
35,New Mexico,35055,Taos,2022,7.7,,3535055
35,New Mexico,35057,Torrance,2022,7.7,Unstable,3535057
35,New Mexico,35059,Union,2022,0,,3535059
35,New Mexico,35061,Valencia,2022,5.5,,3535061
36,New York,36001,Albany,2022,6.1,,3636001
36,New York,36003,Allegany,2022,2.8,Unstable,3636003
36,New York,36005,Bronx,2022,28.4,,3636005
36,New York,36007,Broome,2022,5,,3636007
36,New York,36009,Cattaraugus,2022,3.1,,3636009
36,New York,36011,Cayuga,2022,3.2,,3636011
36,New York,36013,Chautauqua,2022,2.4,,3636013
36,New York,36015,Chemung,2022,5.8,,3636015
36,New York,36017,Chenango,2022,3.6,,3636017
36,New York,36019,Clinton,2022,1.5,,3636019
36,New York,36021,Columbia,2022,3.9,,3636021
36,New York,36023,Cortland,2022,5.1,,3636023
36,New York,36025,Delaware,2022,4.5,,3636025
36,New York,36027,Dutchess,2022,7.1,,3636027
36,New York,36029,Erie,2022,6.1,,3636029
36,New York,36031,Essex,2022,2.1,Unstable,3636031
36,New York,36033,Franklin,2022,3.4,,3636033
36,New York,36035,Fulton,2022,2.3,Unstable,3636035
36,New York,36037,Genesee,2022,2.5,,3636037
36,New York,36039,Greene,2022,2.8,Unstable,3636039
36,New York,36041,Hamilton,2022,0,,3636041
36,New York,36043,Herkimer,2022,1.9,Unstable,3636043
36,New York,36045,Jefferson,2022,3.5,,3636045
36,New York,36047,Kings,2022,9.3,,3636047
36,New York,36049,Lewis,2022,Suppressed,Unstable,3636049
36,New York,36051,Livingston,2022,3.2,,3636051
36,New York,36053,Madison,2022,1.1,Unstable,3636053
36,New York,36055,Monroe,2022,8.1,,3636055
36,New York,36057,Montgomery,2022,5.4,,3636057
36,New York,36059,Nassau,2022,6.8,,3636059
36,New York,36061,New York,2022,11.4,,3636061
36,New York,36063,Niagara,2022,4.7,,3636063
36,New York,36065,Oneida,2022,3.5,,3636065
36,New York,36067,Onondaga,2022,5.2,,3636067
36,New York,36069,Ontario,2022,2.2,,3636069
36,New York,36071,Orange,2022,6.4,,3636071
36,New York,36073,Orleans,2022,3.5,Unstable,3636073
36,New York,36075,Oswego,2022,3,,3636075
36,New York,36077,Otsego,2022,2.3,Unstable,3636077
36,New York,36079,Putnam,2022,4.4,,3636079
36,New York,36081,Queens,2022,8.3,,3636081
36,New York,36083,Rensselaer,2022,4.4,,3636083
36,New York,36085,Richmond,2022,8.6,,3636085
36,New York,36087,Rockland,2022,4,,3636087
36,New York,36091,Saratoga,2022,3.3,,3636091
36,New York,36093,Schenectady,2022,6.1,,3636093
36,New York,36095,Schoharie,2022,Suppressed,Unstable,3636095
36,New York,36097,Schuyler,2022,Suppressed,Unstable,3636097
36,New York,36099,Seneca,2022,4,Unstable,3636099
36,New York,36089,St. Lawrence,2022,2.6,,3636089
36,New York,36101,Steuben,2022,3.8,,3636101
36,New York,36103,Suffolk,2022,5.5,,3636103
36,New York,36105,Sullivan,2022,6.7,,3636105
36,New York,36107,Tioga,2022,2.8,Unstable,3636107
36,New York,36109,Tompkins,2022,3.5,,3636109
36,New York,36111,Ulster,2022,5.3,,3636111
36,New York,36113,Warren,2022,4.4,,3636113
36,New York,36115,Washington,2022,4.7,,3636115
36,New York,36117,Wayne,2022,3.6,,3636117
36,New York,36119,Westchester,2022,7.6,,3636119
36,New York,36121,Wyoming,2022,Suppressed,Unstable,3636121
36,New York,36123,Yates,2022,Suppressed,Unstable,3636123
37,North Carolina,37001,Alamance,2022,4.2,,3737001
37,North Carolina,37003,Alexander,2022,2.3,Unstable,3737003
37,North Carolina,37005,Alleghany,2022,Suppressed,Unstable,3737005
37,North Carolina,37007,Anson,2022,7.4,,3737007
37,North Carolina,37009,Ashe,2022,Suppressed,Unstable,3737009
37,North Carolina,37011,Avery,2022,Suppressed,Unstable,3737011
37,North Carolina,37013,Beaufort,2022,4.1,,3737013
37,North Carolina,37015,Bertie,2022,5.4,Unstable,3737015
37,North Carolina,37017,Bladen,2022,6.2,,3737017
37,North Carolina,37019,Brunswick,2022,1.7,,3737019
37,North Carolina,37021,Buncombe,2022,1.4,,3737021
37,North Carolina,37023,Burke,2022,1.6,Unstable,3737023
37,North Carolina,37025,Cabarrus,2022,3.5,,3737025
37,North Carolina,37027,Caldwell,2022,4.6,,3737027
37,North Carolina,37029,Camden,2022,Suppressed,Unstable,3737029
37,North Carolina,37031,Carteret,2022,2.7,,3737031
37,North Carolina,37033,Caswell,2022,Suppressed,Unstable,3737033
37,North Carolina,37035,Catawba,2022,1.9,,3737035
37,North Carolina,37037,Chatham,2022,2.1,,3737037
37,North Carolina,37039,Cherokee,2022,Suppressed,Unstable,3737039
37,North Carolina,37041,Chowan,2022,Suppressed,Unstable,3737041
37,North Carolina,37043,Clay,2022,0,,3737043
37,North Carolina,37045,Cleveland,2022,5.2,,3737045
37,North Carolina,37047,Columbus,2022,3.1,,3737047
37,North Carolina,37049,Craven,2022,3.1,,3737049
37,North Carolina,37051,Cumberland,2022,5.2,,3737051
37,North Carolina,37053,Currituck,2022,Suppressed,Unstable,3737053
37,North Carolina,37055,Dare,2022,Suppressed,Unstable,3737055
37,North Carolina,37057,Davidson,2022,2.5,,3737057
37,North Carolina,37059,Davie,2022,3.2,Unstable,3737059
37,North Carolina,37061,Duplin,2022,3.8,,3737061
37,North Carolina,37063,Durham,2022,4.8,,3737063
37,North Carolina,37065,Edgecombe,2022,8,,3737065
37,North Carolina,37067,Forsyth,2022,3.8,,3737067
37,North Carolina,37069,Franklin,2022,5.1,,3737069
37,North Carolina,37071,Gaston,2022,4.4,,3737071
37,North Carolina,37073,Gates,2022,0,,3737073
37,North Carolina,37075,Graham,2022,0,,3737075
37,North Carolina,37077,Granville,2022,5,,3737077
37,North Carolina,37079,Greene,2022,7.2,,3737079
37,North Carolina,37081,Guilford,2022,4.7,,3737081
37,North Carolina,37083,Halifax,2022,7.5,,3737083
37,North Carolina,37085,Harnett,2022,3,,3737085
37,North Carolina,37087,Haywood,2022,2.5,,3737087
37,North Carolina,37089,Henderson,2022,2.4,,3737089
37,North Carolina,37091,Hertford,2022,6,Unstable,3737091
37,North Carolina,37093,Hoke,2022,3.6,,3737093
37,North Carolina,37095,Hyde,2022,Suppressed,Unstable,3737095
37,North Carolina,37097,Iredell,2022,2.5,,3737097
37,North Carolina,37099,Jackson,2022,2.6,Unstable,3737099
37,North Carolina,37101,Johnston,2022,2.8,,3737101
37,North Carolina,37103,Jones,2022,Suppressed,Unstable,3737103
37,North Carolina,37105,Lee,2022,1.9,,3737105
37,North Carolina,37107,Lenoir,2022,2.8,,3737107
37,North Carolina,37109,Lincoln,2022,3.8,,3737109
37,North Carolina,37113,Macon,2022,Suppressed,Unstable,3737113
37,North Carolina,37115,Madison,2022,Suppressed,Unstable,3737115
37,North Carolina,37117,Martin,2022,6.8,,3737117
37,North Carolina,37111,McDowell,2022,Suppressed,Unstable,3737111
37,North Carolina,37119,Mecklenburg,2022,5.1,,3737119
37,North Carolina,37121,Mitchell,2022,Suppressed,Unstable,3737121
37,North Carolina,37123,Montgomery,2022,4,Unstable,3737123
37,North Carolina,37125,Moore,2022,1.6,,3737125
37,North Carolina,37127,Nash,2022,6.7,,3737127
37,North Carolina,37129,New Hanover,2022,2,,3737129
37,North Carolina,37131,Northampton,2022,8.2,Unstable,3737131
37,North Carolina,37133,Onslow,2022,1.3,,3737133
37,North Carolina,37135,Orange,2022,2.5,,3737135
37,North Carolina,37137,Pamlico,2022,Suppressed,Unstable,3737137
37,North Carolina,37139,Pasquotank,2022,2.3,Unstable,3737139
37,North Carolina,37141,Pender,2022,2.3,,3737141
37,North Carolina,37143,Perquimans,2022,Suppressed,Unstable,3737143
37,North Carolina,37145,Person,2022,4,,3737145
37,North Carolina,37147,Pitt,2022,7.1,,3737147
37,North Carolina,37149,Polk,2022,0,,3737149
37,North Carolina,37151,Randolph,2022,2.7,,3737151
37,North Carolina,37153,Richmond,2022,3.3,,3737153
37,North Carolina,37155,Robeson,2022,10.6,,3737155
37,North Carolina,37157,Rockingham,2022,3.9,,3737157
37,North Carolina,37159,Rowan,2022,3.8,,3737159
37,North Carolina,37161,Rutherford,2022,3.4,,3737161
37,North Carolina,37163,Sampson,2022,3.7,,3737163
37,North Carolina,37165,Scotland,2022,7.8,,3737165
37,North Carolina,37167,Stanly,2022,4.5,,3737167
37,North Carolina,37169,Stokes,2022,3.6,,3737169
37,North Carolina,37171,Surry,2022,1.5,Unstable,3737171
37,North Carolina,37173,Swain,2022,Suppressed,Unstable,3737173
37,North Carolina,37175,Transylvania,2022,2.9,Unstable,3737175
37,North Carolina,37177,Tyrrell,2022,Suppressed,Unstable,3737177
37,North Carolina,37179,Union,2022,3.5,,3737179
37,North Carolina,37181,Vance,2022,7,,3737181
37,North Carolina,37183,Wake,2022,3.5,,3737183
37,North Carolina,37185,Warren,2022,6.2,Unstable,3737185
37,North Carolina,37187,Washington,2022,Suppressed,Unstable,3737187
37,North Carolina,37189,Watauga,2022,1.5,Unstable,3737189
37,North Carolina,37191,Wayne,2022,3.6,,3737191
37,North Carolina,37193,Wilkes,2022,2.6,,3737193
37,North Carolina,37195,Wilson,2022,2.8,,3737195
37,North Carolina,37197,Yadkin,2022,1.9,Unstable,3737197
37,North Carolina,37199,Yancey,2022,0,,3737199
41,Oregon,41001,Baker,2022,4.2,Unstable,4141001
41,Oregon,41003,Benton,2022,Suppressed,Unstable,4141003
41,Oregon,41005,Clackamas,2022,2.4,,4141005
41,Oregon,41007,Clatsop,2022,Suppressed,Unstable,4141007
41,Oregon,41009,Columbia,2022,4.3,,4141009
41,Oregon,41011,Coos,2022,2.6,,4141011
41,Oregon,41013,Crook,2022,Suppressed,Unstable,4141013
41,Oregon,41015,Curry,2022,Suppressed,Unstable,4141015
41,Oregon,41017,Deschutes,2022,2.9,,4141017
41,Oregon,41019,Douglas,2022,1.7,,4141019
41,Oregon,41021,Gilliam,2022,0,,4141021
41,Oregon,41023,Grant,2022,0,,4141023
41,Oregon,41025,Harney,2022,Suppressed,Unstable,4141025
41,Oregon,41027,Hood River,2022,Suppressed,Unstable,4141027
41,Oregon,41029,Jackson,2022,3,,4141029
41,Oregon,41031,Jefferson,2022,5.5,,4141031
41,Oregon,41033,Josephine,2022,4.5,,4141033
41,Oregon,41035,Klamath,2022,4.8,,4141035
41,Oregon,41037,Lake,2022,9,Unstable,4141037
41,Oregon,41039,Lane,2022,2.1,,4141039
41,Oregon,41041,Lincoln,2022,1.9,Unstable,4141041
41,Oregon,41043,Linn,2022,1.7,,4141043
41,Oregon,41045,Malheur,2022,Suppressed,Unstable,4141045
41,Oregon,41047,Marion,2022,2.7,,4141047
41,Oregon,41049,Morrow,2022,Suppressed,Unstable,4141049
41,Oregon,41051,Multnomah,2022,3.8,,4141051
41,Oregon,41053,Polk,2022,2.5,,4141053
41,Oregon,41055,Sherman,2022,Suppressed,Unstable,4141055
41,Oregon,41057,Tillamook,2022,Suppressed,Unstable,4141057
41,Oregon,41059,Umatilla,2022,2,,4141059
41,Oregon,41061,Union,2022,Suppressed,Unstable,4141061
41,Oregon,41063,Wallowa,2022,Suppressed,Unstable,4141063
41,Oregon,41065,Wasco,2022,4.5,Unstable,4141065
41,Oregon,41067,Washington,2022,2.6,,4141067
41,Oregon,41069,Wheeler,2022,0,,4141069
41,Oregon,41071,Yamhill,2022,2.7,,4141071
44,Rhode Island,44001,Bristol,2022,2.2,Unstable,4444001
44,Rhode Island,44003,Kent,2022,3.4,,4444003
44,Rhode Island,44005,Newport,2022,3.4,,4444005
44,Rhode Island,44007,Providence,2022,5.7,,4444007
44,Rhode Island,44009,Washington,2022,2.2,,4444009
45,South Carolina,45001,Abbeville,2022,Suppressed,Unstable,4545001
45,South Carolina,45003,Aiken,2022,1.3,,4545003
45,South Carolina,45005,Allendale,2022,0,,4545005
45,South Carolina,45007,Anderson,2022,2.7,,4545007
45,South Carolina,45009,Bamberg,2022,Suppressed,Unstable,4545009
45,South Carolina,45011,Barnwell,2022,3.2,Unstable,4545011
45,South Carolina,45013,Beaufort,2022,2.2,,4545013
45,South Carolina,45015,Berkeley,2022,3.2,,4545015
45,South Carolina,45017,Calhoun,2022,Suppressed,Unstable,4545017
45,South Carolina,45019,Charleston,2022,2.1,,4545019
45,South Carolina,45021,Cherokee,2022,3.5,,4545021
45,South Carolina,45023,Chester,2022,2.1,Unstable,4545023
45,South Carolina,45025,Chesterfield,2022,2.7,,4545025
45,South Carolina,45027,Clarendon,2022,4.8,,4545027
45,South Carolina,45029,Colleton,2022,5.8,,4545029
45,South Carolina,45031,Darlington,2022,4.4,,4545031
45,South Carolina,45033,Dillon,2022,7.1,,4545033
45,South Carolina,45035,Dorchester,2022,3.7,,4545035
45,South Carolina,45037,Edgefield,2022,Suppressed,Unstable,4545037
45,South Carolina,45039,Fairfield,2022,6.4,Unstable,4545039
45,South Carolina,45041,Florence,2022,5,,4545041
45,South Carolina,45043,Georgetown,2022,2.6,,4545043
45,South Carolina,45045,Greenville,2022,2.6,,4545045
45,South Carolina,45047,Greenwood,2022,4.3,,4545047
45,South Carolina,45049,Hampton,2022,3.9,Unstable,4545049
45,South Carolina,45051,Horry,2022,2.7,,4545051
45,South Carolina,45053,Jasper,2022,Suppressed,Unstable,4545053
45,South Carolina,45055,Kershaw,2022,5.4,,4545055
45,South Carolina,45057,Lancaster,2022,0.6,Unstable,4545057
45,South Carolina,45059,Laurens,2022,4.3,,4545059
45,South Carolina,45061,Lee,2022,Suppressed,Unstable,4545061
45,South Carolina,45063,Lexington,2022,3.6,,4545063
45,South Carolina,45067,Marion,2022,3.2,Unstable,4545067
45,South Carolina,45069,Marlboro,2022,Suppressed,Unstable,4545069
45,South Carolina,45065,McCormick,2022,Suppressed,Unstable,4545065
45,South Carolina,45071,Newberry,2022,3,Unstable,4545071
45,South Carolina,45073,Oconee,2022,2,,4545073
45,South Carolina,45075,Orangeburg,2022,4.5,,4545075
45,South Carolina,45077,Pickens,2022,2.9,,4545077
45,South Carolina,45079,Richland,2022,4.6,,4545079
45,South Carolina,45081,Saluda,2022,3.7,Unstable,4545081
45,South Carolina,45083,Spartanburg,2022,2.9,,4545083
45,South Carolina,45085,Sumter,2022,4.5,,4545085
45,South Carolina,45087,Union,2022,2.6,Unstable,4545087
45,South Carolina,45089,Williamsburg,2022,3.1,Unstable,4545089
45,South Carolina,45091,York,2022,0.4,,4545091
49,Utah,49001,Beaver,2022,0,,4949001
49,Utah,49003,Box Elder,2022,3,,4949003
49,Utah,49005,Cache,2022,2.1,,4949005
49,Utah,49007,Carbon,2022,Suppressed,Unstable,4949007
49,Utah,49009,Daggett,2022,0,,4949009
49,Utah,49011,Davis,2022,3,,4949011
49,Utah,49013,Duchesne,2022,5.1,Unstable,4949013
49,Utah,49015,Emery,2022,Suppressed,Unstable,4949015
49,Utah,49017,Garfield,2022,0,,4949017
49,Utah,49019,Grand,2022,Suppressed,Unstable,4949019
49,Utah,49021,Iron,2022,2.3,,4949021
49,Utah,49023,Juab,2022,0,,4949023
49,Utah,49025,Kane,2022,Suppressed,Unstable,4949025
49,Utah,49027,Millard,2022,4.4,Unstable,4949027
49,Utah,49029,Morgan,2022,Suppressed,Unstable,4949029
49,Utah,49031,Piute,2022,Suppressed,Unstable,4949031
49,Utah,49033,Rich,2022,0,,4949033
49,Utah,49035,Salt Lake,2022,4.1,,4949035
49,Utah,49037,San Juan,2022,Suppressed,Unstable,4949037
49,Utah,49039,Sanpete,2022,3.4,Unstable,4949039
49,Utah,49041,Sevier,2022,3.7,Unstable,4949041
49,Utah,49043,Summit,2022,1.9,Unstable,4949043
49,Utah,49045,Tooele,2022,4.1,,4949045
49,Utah,49047,Uintah,2022,6.2,,4949047
49,Utah,49049,Utah,2022,2.2,,4949049
49,Utah,49051,Wasatch,2022,3.6,,4949051
49,Utah,49053,Washington,2022,3.1,,4949053
49,Utah,49055,Wayne,2022,Suppressed,Unstable,4949055
49,Utah,49057,Weber,2022,3.6,,4949057
51,Virginia,51001,Accomack,2022,2.6,Unstable,5151001
51,Virginia,51003,Albemarle,2022,1.7,,5151003
51,Virginia,51510,Alexandria,2022,1.1,,5151510
51,Virginia,51005,Alleghany,2022,Suppressed,Unstable,5151005
51,Virginia,51007,Amelia,2022,Suppressed,Unstable,5151007
51,Virginia,51009,Amherst,2022,Suppressed,Unstable,5151009
51,Virginia,51011,Appomattox,2022,Suppressed,Unstable,5151011
51,Virginia,51013,Arlington,2022,1.3,,5151013
51,Virginia,51015,Augusta,2022,2.2,,5151015
51,Virginia,51017,Bath,2022,0,,5151017
51,Virginia,51019,Bedford,2022,2.3,,5151019
51,Virginia,51021,Bland,2022,Suppressed,Unstable,5151021
51,Virginia,51023,Botetourt,2022,Suppressed,Unstable,5151023
51,Virginia,51520,Bristol,2022,0,,5151520
51,Virginia,51025,Brunswick,2022,7.7,Unstable,5151025
51,Virginia,51027,Buchanan,2022,0,,5151027
51,Virginia,51029,Buckingham,2022,Suppressed,Unstable,5151029
51,Virginia,51530,Buena Vista,2022,Suppressed,Unstable,5151530
51,Virginia,51031,Campbell,2022,1.3,Unstable,5151031
51,Virginia,51033,Caroline,2022,3.4,Unstable,5151033
51,Virginia,51035,Carroll,2022,Suppressed,Unstable,5151035
51,Virginia,51036,Charles City,2022,Suppressed,Unstable,5151036
51,Virginia,51037,Charlotte,2022,Suppressed,Unstable,5151037
51,Virginia,51540,Charlottesville,2022,2.6,Unstable,5151540
51,Virginia,51550,Chesapeake,2022,2.8,,5151550
51,Virginia,51041,Chesterfield,2022,4.7,,5151041
51,Virginia,51043,Clarke,2022,Suppressed,Unstable,5151043
51,Virginia,51570,Colonial Heights,2022,4.1,Unstable,5151570
51,Virginia,51580,Covington,2022,Suppressed,Unstable,5151580
51,Virginia,51045,Craig,2022,Suppressed,Unstable,5151045
51,Virginia,51047,Culpeper,2022,2.8,,5151047
51,Virginia,51049,Cumberland,2022,Suppressed,Unstable,5151049
51,Virginia,51590,Danville,2022,3.1,Unstable,5151590
51,Virginia,51051,Dickenson,2022,0,,5151051
51,Virginia,51053,Dinwiddie,2022,2.5,Unstable,5151053
51,Virginia,51595,Emporia,2022,Suppressed,Unstable,5151595
51,Virginia,51057,Essex,2022,10.2,Unstable,5151057
51,Virginia,51059,Fairfax,2022,1.2,,5151059
51,Virginia,51600,Fairfax City,2022,2.4,Unstable,5151600
51,Virginia,51610,Falls Church,2022,Suppressed,Unstable,5151610
51,Virginia,51061,Fauquier,2022,1.4,Unstable,5151061
51,Virginia,51063,Floyd,2022,Suppressed,Unstable,5151063
51,Virginia,51065,Fluvanna,2022,Suppressed,Unstable,5151065
51,Virginia,51067,Franklin,2022,2,Unstable,5151067
51,Virginia,51620,Franklin City,2022,Suppressed,Unstable,5151620
51,Virginia,51069,Frederick,2022,2.2,,5151069
51,Virginia,51630,Fredericksburg,2022,4.7,,5151630
51,Virginia,51640,Galax,2022,Suppressed,Unstable,5151640
51,Virginia,51071,Giles,2022,7.1,Unstable,5151071
51,Virginia,51073,Gloucester,2022,2.1,Unstable,5151073
51,Virginia,51075,Goochland,2022,3.4,Unstable,5151075
51,Virginia,51077,Grayson,2022,0,,5151077
51,Virginia,51079,Greene,2022,Suppressed,Unstable,5151079
51,Virginia,51081,Greensville,2022,0,,5151081
51,Virginia,51083,Halifax,2022,3.3,Unstable,5151083
51,Virginia,51650,Hampton,2022,3.2,,5151650
51,Virginia,51085,Hanover,2022,2.9,,5151085
51,Virginia,51660,Harrisonburg,2022,7.1,,5151660
51,Virginia,51087,Henrico,2022,5.5,,5151087
51,Virginia,51089,Henry,2022,2.5,Unstable,5151089
51,Virginia,51091,Highland,2022,0,,5151091
51,Virginia,51670,Hopewell,2022,16.4,,5151670
51,Virginia,51093,Isle of Wight,2022,1.8,Unstable,5151093
51,Virginia,51095,James City,2022,3.6,,5151095
51,Virginia,51097,King and Queen,2022,Suppressed,Unstable,5151097
51,Virginia,51099,King George,2022,3.4,Unstable,5151099
51,Virginia,51101,King William,2022,Suppressed,Unstable,5151101
51,Virginia,51103,Lancaster,2022,Suppressed,Unstable,5151103
51,Virginia,51105,Lee,2022,0,,5151105
51,Virginia,51678,Lexington,2022,Suppressed,Unstable,5151678
51,Virginia,51107,Loudoun,2022,1.7,,5151107
51,Virginia,51109,Louisa,2022,1.7,Unstable,5151109
51,Virginia,51111,Lunenburg,2022,5.7,Unstable,5151111
51,Virginia,51680,Lynchburg,2022,4.3,,5151680
51,Virginia,51113,Madison,2022,5,Unstable,5151113
51,Virginia,51683,Manassas,2022,1.6,Unstable,5151683
51,Virginia,51685,Manassas Park,2022,0,,5151685
51,Virginia,51690,Martinsville,2022,5.7,Unstable,5151690
51,Virginia,51115,Mathews,2022,Suppressed,Unstable,5151115
51,Virginia,51117,Mecklenburg,2022,4.5,Unstable,5151117
51,Virginia,51119,Middlesex,2022,Suppressed,Unstable,5151119
51,Virginia,51121,Montgomery,2022,1.9,,5151121
51,Virginia,51125,Nelson,2022,Suppressed,Unstable,5151125
51,Virginia,51127,New Kent,2022,6.4,,5151127
51,Virginia,51700,Newport News,2022,4.8,,5151700
51,Virginia,51710,Norfolk,2022,4.7,,5151710
51,Virginia,51131,Northampton,2022,6.3,Unstable,5151131
51,Virginia,51133,Northumberland,2022,Suppressed,Unstable,5151133
51,Virginia,51720,Norton,2022,0,,5151720
51,Virginia,51135,Nottoway,2022,4.6,Unstable,5151135
51,Virginia,51137,Orange,2022,2,Unstable,5151137
51,Virginia,51139,Page,2022,3.4,Unstable,5151139
51,Virginia,51141,Patrick,2022,Suppressed,Unstable,5151141
51,Virginia,51730,Petersburg,2022,6.9,,5151730
51,Virginia,51143,Pittsylvania,2022,1.8,Unstable,5151143
51,Virginia,51735,Poquoson,2022,Suppressed,Unstable,5151735
51,Virginia,51740,Portsmouth,2022,3.3,,5151740
51,Virginia,51145,Powhatan,2022,Suppressed,Unstable,5151145
51,Virginia,51147,Prince Edward,2022,6.2,Unstable,5151147
51,Virginia,51149,Prince George,2022,2.8,Unstable,5151149
51,Virginia,51153,Prince William,2022,2.5,,5151153
51,Virginia,51155,Pulaski,2022,3.8,Unstable,5151155
51,Virginia,51750,Radford,2022,Suppressed,Unstable,5151750
51,Virginia,51157,Rappahannock,2022,0,,5151157
51,Virginia,51159,Richmond,2022,Suppressed,Unstable,5151159
51,Virginia,51760,Richmond City,2022,11.9,,5151760
51,Virginia,51161,Roanoke,2022,2.2,,5151161
51,Virginia,51770,Roanoke City,2022,4.8,,5151770
51,Virginia,51163,Rockbridge,2022,Suppressed,Unstable,5151163
51,Virginia,51165,Rockingham,2022,2.6,,5151165
51,Virginia,51167,Russell,2022,0,,5151167
51,Virginia,51775,Salem,2022,4.1,Unstable,5151775
51,Virginia,51169,Scott,2022,0,,5151169
51,Virginia,51171,Shenandoah,2022,2.3,Unstable,5151171
51,Virginia,51173,Smyth,2022,Suppressed,Unstable,5151173
51,Virginia,51175,Southampton,2022,Suppressed,Unstable,5151175
51,Virginia,51177,Spotsylvania,2022,3.8,,5151177
51,Virginia,51179,Stafford,2022,2.7,,5151179
51,Virginia,51790,Staunton,2022,4.6,Unstable,5151790
51,Virginia,51800,Suffolk,2022,2.3,,5151800
51,Virginia,51181,Surry,2022,Suppressed,Unstable,5151181
51,Virginia,51183,Sussex,2022,Suppressed,Unstable,5151183
51,Virginia,51185,Tazewell,2022,Suppressed,Unstable,5151185
51,Virginia,51810,Virginia Beach,2022,1.8,,5151810
51,Virginia,51187,Warren,2022,2.2,Unstable,5151187
51,Virginia,51191,Washington,2022,1.2,Unstable,5151191
51,Virginia,51820,Waynesboro,2022,5.5,,5151820
51,Virginia,51193,Westmoreland,2022,5.9,Unstable,5151193
51,Virginia,51830,Williamsburg,2022,0,,5151830
51,Virginia,51840,Winchester,2022,5.6,,5151840
51,Virginia,51195,Wise,2022,Suppressed,Unstable,5151195
51,Virginia,51197,Wythe,2022,2.9,Unstable,5151197
51,Virginia,51199,York,2022,0.9,Unstable,5151199
55,Wisconsin,55001,Adams,2022,Suppressed,Unstable,5555001
55,Wisconsin,55003,Ashland,2022,Suppressed,Unstable,5555003
55,Wisconsin,55005,Barron,2022,1.5,Unstable,5555005
55,Wisconsin,55007,Bayfield,2022,Suppressed,Unstable,5555007
55,Wisconsin,55009,Brown,2022,3,,5555009
55,Wisconsin,55011,Buffalo,2022,Suppressed,Unstable,5555011
55,Wisconsin,55013,Burnett,2022,Suppressed,Unstable,5555013
55,Wisconsin,55015,Calumet,2022,1.4,Unstable,5555015
55,Wisconsin,55017,Chippewa,2022,3.1,,5555017
55,Wisconsin,55019,Clark,2022,Suppressed,Unstable,5555019
55,Wisconsin,55021,Columbia,2022,1.3,Unstable,5555021
55,Wisconsin,55023,Crawford,2022,Suppressed,Unstable,5555023
55,Wisconsin,55025,Dane,2022,1.9,,5555025
55,Wisconsin,55027,Dodge,2022,1.3,Unstable,5555027
55,Wisconsin,55029,Door,2022,Suppressed,Unstable,5555029
55,Wisconsin,55031,Douglas,2022,2.2,Unstable,5555031
55,Wisconsin,55033,Dunn,2022,3.1,Unstable,5555033
55,Wisconsin,55035,Eau Claire,2022,2.5,,5555035
55,Wisconsin,55037,Florence,2022,Suppressed,Unstable,5555037
55,Wisconsin,55039,Fond du Lac,2022,1.1,Unstable,5555039
55,Wisconsin,55041,Forest,2022,0,,5555041
55,Wisconsin,55043,Grant,2022,1.3,Unstable,5555043
55,Wisconsin,55045,Green,2022,Suppressed,Unstable,5555045
55,Wisconsin,55047,Green Lake,2022,Suppressed,Unstable,5555047
55,Wisconsin,55049,Iowa,2022,Suppressed,Unstable,5555049
55,Wisconsin,55051,Iron,2022,0,,5555051
55,Wisconsin,55053,Jackson,2022,Suppressed,Unstable,5555053
55,Wisconsin,55055,Jefferson,2022,2,,5555055
55,Wisconsin,55057,Juneau,2022,Suppressed,Unstable,5555057
55,Wisconsin,55059,Kenosha,2022,3,,5555059
55,Wisconsin,55061,Kewaunee,2022,0,,5555061
55,Wisconsin,55063,La Crosse,2022,0.8,Unstable,5555063
55,Wisconsin,55065,Lafayette,2022,Suppressed,Unstable,5555065
55,Wisconsin,55067,Langlade,2022,Suppressed,Unstable,5555067
55,Wisconsin,55069,Lincoln,2022,Suppressed,Unstable,5555069
55,Wisconsin,55071,Manitowoc,2022,1.9,,5555071
55,Wisconsin,55073,Marathon,2022,1.3,,5555073
55,Wisconsin,55075,Marinette,2022,Suppressed,Unstable,5555075
55,Wisconsin,55077,Marquette,2022,Suppressed,Unstable,5555077
55,Wisconsin,55078,Menominee,2022,0,,5555078
55,Wisconsin,55079,Milwaukee,2022,5.1,,5555079
55,Wisconsin,55081,Monroe,2022,1.9,Unstable,5555081
55,Wisconsin,55083,Oconto,2022,Suppressed,Unstable,5555083
55,Wisconsin,55085,Oneida,2022,Suppressed,Unstable,5555085
55,Wisconsin,55087,Outagamie,2022,1.3,,5555087
55,Wisconsin,55089,Ozaukee,2022,1,Unstable,5555089
55,Wisconsin,55091,Pepin,2022,Suppressed,Unstable,5555091
55,Wisconsin,55093,Pierce,2022,2.2,Unstable,5555093
55,Wisconsin,55095,Polk,2022,1.2,Unstable,5555095
55,Wisconsin,55097,Portage,2022,1.3,Unstable,5555097
55,Wisconsin,55099,Price,2022,Suppressed,Unstable,5555099
55,Wisconsin,55101,Racine,2022,3,,5555101
55,Wisconsin,55103,Richland,2022,2.7,Unstable,5555103
55,Wisconsin,55105,Rock,2022,3.4,,5555105
55,Wisconsin,55107,Rusk,2022,Suppressed,Unstable,5555107
55,Wisconsin,55111,Sauk,2022,3.5,,5555111
55,Wisconsin,55113,Sawyer,2022,Suppressed,Unstable,5555113
55,Wisconsin,55115,Shawano,2022,Suppressed,Unstable,5555115
55,Wisconsin,55117,Sheboygan,2022,1.2,,5555117
55,Wisconsin,55109,St. Croix,2022,2.2,,5555109
55,Wisconsin,55119,Taylor,2022,Suppressed,Unstable,5555119
55,Wisconsin,55121,Trempealeau,2022,Suppressed,Unstable,5555121
55,Wisconsin,55123,Vernon,2022,Suppressed,Unstable,5555123
55,Wisconsin,55125,Vilas,2022,Suppressed,Unstable,5555125
55,Wisconsin,55127,Walworth,2022,1.4,,5555127
55,Wisconsin,55129,Washburn,2022,Suppressed,Unstable,5555129
55,Wisconsin,55131,Washington,2022,2.2,,5555131
55,Wisconsin,55133,Waukesha,2022,1.6,,5555133
55,Wisconsin,55135,Waupaca,2022,2.2,Unstable,5555135
55,Wisconsin,55137,Waushara,2022,Suppressed,Unstable,5555137
55,Wisconsin,55139,Winnebago,2022,2.4,,5555139
55,Wisconsin,55141,Wood,2022,2,,5555141